program_code,program_name,year_level,semester,status,source_hint,action_hint,TUITION_PER_UNIT,LEC_FEE_PER_UNIT,LAB_FEE_PER_UNIT,COMP_FEE_PER_UNIT,RLE_FEE_PER_UNIT,MISC_REGISTRATION,MISC_LIBRARY,MISC_MEDICAL,MISC_ID,MISC_ATHLETIC,MISC_GUIDANCE,MISC_LMS,MISC_INS,MISC_CULT,MISC_AV,MISC_ENERGY,OTHER_LATE_ENROLLMENT,OTHER_ADD_DROP,OTHER_INSTALLMENT,OTHER_ID,OTHER_INS,OTHER_COMP,OTHER_DEV
ABCOMM,Bachelor of Arts in Communication,1,1,MISSING,No usable source row found.,Manual official fee entry/import is required.,,,,2881,3736,1823,1251,4765,3056,1701,2518,1089,2175,2604,3991,1933,2139,4690,2378,2609,2390,2660,1448
ABCOMM,Bachelor of Arts in Communication,1,2,MISSING,No usable source row found.,Manual official fee entry/import is required.,,,,1156,2025,4181,2400,1443,3333,2942,3494,2800,4280,1040,2016,1460,4143,4793,3282,1722,3552,4990,4878
ABCOMM,Bachelor of Arts in Communication,2,1,MISSING,No usable source row found.,Manual official fee entry/import is required.,,,,2442,3214,2028,1059,2763,1217,3658,2282,2419,3488,3638,1888,4139,1600,3612,4683,1974,3024,4329,2021
ABCOMM,Bachelor of Arts in Communication,2,2,MISSING,No usable source row found.,Manual official fee entry/import is required.,,,,3337,1029,4924,3346,4734,1910,3632,4780,2448,3369,4363,2147,2587,4290,2180,4577,3207,3513,3163,1410
ABCOMM,Bachelor of Arts in Communication,3,1,MISSING,No usable source row found.,Manual official fee entry/import is required.,,,,3548,2718,1005,4157,1892,3849,1600,4229,4481,2599,1348,3385,3440,2523,4269,2645,4160,3445,2319,4332
ABCOMM,Bachelor of Arts in Communication,3,2,MISSING,No usable source row found.,Manual official fee entry/import is required.,,,,1783,4299,4819,3821,1623,4172,4695,4310,3197,2409,4074,1861,3638,4939,4668,2912,4366,4474,2064,3180
ABCOMM,Bachelor of Arts in Communication,4,1,MISSING,No usable source row found.,Manual official fee entry/import is required.,,,,3763,4520,3670,3746,1406,1042,4558,2616,3993,4982,3087,3692,3826,3055,1342,4073,2143,3747,3481,1065
ABCOMM,Bachelor of Arts in Communication,4,2,MISSING,No usable source row found.,Manual official fee entry/import is required.,,,,4481,3414,1443,2211,2632,3844,3147,4055,1002,2375,4951,3506,3602,4566,1358,3586,4349,2329,4723,4120
BAMIFM,Business Ad Major in Financial Management,1,1,MISSING,No usable source row found.,Manual official fee entry/import is required.,,,,3823,3765,2770,4035,4961,4483,4958,1302,1671,4731,3427,1527,4809,3938,2506,1904,3102,4718,2869,4463
BAMIFM,Business Ad Major in Financial Management,1,2,MISSING,No usable source row found.,Manual official fee entry/import is required.,,,,3781,3252,2616,4730,4256,3363,2015,4477,1945,3342,3934,2072,4126,4685,1220,1670,1591,2127,4852,1363
BAMIFM,Business Ad Major in Financial Management,2,1,MISSING,No usable source row found.,Manual official fee entry/import is required.,,,,4491,1733,2226,3386,2101,4319,1047,3063,3277,2431,4090,4992,4920,4453,4625,2786,2263,4144,3018,2299
BAMIFM,Business Ad Major in Financial Management,2,2,MISSING,No usable source row found.,Manual official fee entry/import is required.,,,,1940,3299,4660,3552,3141,1935,2528,4654,1047,4980,2785,3024,2577,4668,1928,1887,3493,1321,2673,3257
BAMIFM,Business Ad Major in Financial Management,3,1,MISSING,No usable source row found.,Manual official fee entry/import is required.,,,,3030,4574,3727,2642,2518,2322,2530,4465,1019,4536,3986,2236,4036,3809,2904,2113,3349,2887,4369,3523
BAMIFM,Business Ad Major in Financial Management,3,2,MISSING,No usable source row found.,Manual official fee entry/import is required.,,,,2773,1135,4331,2499,3004,1405,1358,1228,3490,3615,3623,1514,1064,1629,1414,2629,1593,4633,2247,1917
BAMIFM,Business Ad Major in Financial Management,4,1,MISSING,No usable source row found.,Manual official fee entry/import is required.,,,,4178,4562,3787,1386,1198,4972,2766,4255,3860,4615,1313,3979,4465,3877,3390,2499,3295,3895,2013,1779
BAMIFM,Business Ad Major in Financial Management,4,2,MISSING,No usable source row found.,Manual official fee entry/import is required.,,,,1662,4090,3055,4686,3692,3935,3836,1797,3309,4108,4230,1484,1700,4922,1544,2221,3661,1822,2696,2229
BBAMIMM,BS Business Ad Major in Marketing Management,1,1,MISSING,No usable source row found.,Manual official fee entry/import is required.,,,,3801,2799,1109,2374,2988,2118,2278,4976,4405,3365,1517,1989,3119,4006,1203,1762,2150,4716,1522,3831
BBAMIMM,BS Business Ad Major in Marketing Management,1,2,MISSING,No usable source row found.,Manual official fee entry/import is required.,,,,2948,1603,2490,1361,2422,2964,2130,2590,2815,3076,2159,1821,2506,3464,2900,2610,2529,4810,3966,3698
BBAMIMM,BS Business Ad Major in Marketing Management,2,1,MISSING,No usable source row found.,Manual official fee entry/import is required.,,,,2142,1936,4903,1431,4842,1484,4007,2919,4095,3629,4271,1199,1028,2756,2454,3698,4236,4717,1230,2228
BBAMIMM,BS Business Ad Major in Marketing Management,2,2,MISSING,No usable source row found.,Manual official fee entry/import is required.,,,,4663,2528,4804,4938,3396,1079,1072,1872,2892,4154,2333,4630,3598,3235,2751,3059,4389,3347,3003,1964
BBAMIMM,BS Business Ad Major in Marketing Management,3,1,MISSING,No usable source row found.,Manual official fee entry/import is required.,,,,3672,3388,3003,1368,2902,4132,3416,1611,3103,2051,4061,2574,3755,1688,2705,4170,1942,2533,4715,2015
BBAMIMM,BS Business Ad Major in Marketing Management,3,2,MISSING,No usable source row found.,Manual official fee entry/import is required.,,,,4352,4132,3696,3820,3811,2587,3097,2947,1235,1013,2540,2869,3004,3034,1931,4304,1534,4367,3371,3150
BBAMIMM,BS Business Ad Major in Marketing Management,4,1,MISSING,No usable source row found.,Manual official fee entry/import is required.,,,,3714,2614,4494,1870,3489,1426,1909,4252,4538,2110,1860,3355,4632,4526,2438,1254,4474,3103,3954,2924
BBAMIMM,BS Business Ad Major in Marketing Management,4,2,MISSING,No usable source row found.,Manual official fee entry/import is required.,,,,3400,2999,2563,2207,3450,4533,2206,4115,4440,2001,1783,2441,4640,2995,3898,4996,2203,4419,1114,2446
BCA,BS Custom Ad,1,1,MISSING,No usable source row found.,Manual official fee entry/import is required.,,,,3532,2231,1709,3964,4504,2322,1729,4981,1692,4395,2908,4441,2473,1264,2479,4697,2867,1725,1367,1123
BCA,BS Custom Ad,1,2,MISSING,No usable source row found.,Manual official fee entry/import is required.,,,,3459,3536,2256,3097,1147,1395,3002,3595,3807,3602,4553,3709,2351,1817,4914,3335,2567,1005,4607,3797
BCA,BS Custom Ad,2,1,MISSING,No usable source row found.,Manual official fee entry/import is required.,,,,2970,3643,2614,1257,3558,4832,2789,3671,2030,4492,2383,4133,1747,4867,1493,1445,1158,4296,2431,3755
BCA,BS Custom Ad,2,2,MISSING,No usable source row found.,Manual official fee entry/import is required.,,,,3562,3043,2215,2034,2111,4712,4419,4365,3049,2039,3997,2699,4221,2539,1329,2637,3462,4976,4407,3990
BCA,BS Custom Ad,3,1,MISSING,No usable source row found.,Manual official fee entry/import is required.,,,,3095,3792,4837,2491,3715,4320,2823,2729,4142,4633,1229,4206,4588,2848,2276,3732,4247,4430,4282,2877
BCA,BS Custom Ad,3,2,MISSING,No usable source row found.,Manual official fee entry/import is required.,,,,3966,2845,4570,4917,2432,3946,2979,1186,1098,1941,1041,1559,2215,2638,3110,4716,1920,4567,2553,1097
BCA,BS Custom Ad,4,1,MISSING,No usable source row found.,Manual official fee entry/import is required.,,,,3829,1724,1699,2872,4971,2946,2510,3477,1644,3975,1654,2213,4625,1846,3837,1483,2301,4900,1586,1392
BCA,BS Custom Ad,4,2,MISSING,No usable source row found.,Manual official fee entry/import is required.,,,,1898,4976,2855,1240,1699,1581,3525,1720,1730,4641,1797,1032,3416,4442,2001,4063,3949,3367,1156,3227
BEE,BS Elem Education,1,1,MISSING,No usable source row found.,Manual official fee entry/import is required.,,,,3724,3791,4126,3216,1223,4041,2518,3094,2689,2863,3182,1232,1786,2400,2094,1186,1662,1036,4214,4193
BEE,BS Elem Education,1,2,MISSING,No usable source row found.,Manual official fee entry/import is required.,,,,1230,4396,4568,1417,2224,4498,4884,2259,1003,1217,4926,1465,1448,1570,1013,1219,4805,1578,1779,3833
BEE,BS Elem Education,2,1,MISSING,No usable source row found.,Manual official fee entry/import is required.,,,,2714,4328,4257,3049,3817,4859,2302,3663,4695,3892,4674,3084,1889,1137,1127,3795,2536,1560,3989,2513
BEE,BS Elem Education,2,2,MISSING,No usable source row found.,Manual official fee entry/import is required.,,,,1991,3665,4018,1342,3066,2809,4272,1551,4692,4166,3252,4976,2000,4814,2884,2265,1129,2418,4252,4646
BEE,BS Elem Education,3,1,MISSING,No usable source row found.,Manual official fee entry/import is required.,,,,2992,1087,1399,3290,4589,2469,4574,3726,4187,4168,3331,3921,3195,3770,1384,3579,3061,2967,4304,2277
BEE,BS Elem Education,3,2,MISSING,No usable source row found.,Manual official fee entry/import is required.,,,,1461,1029,2069,3387,3741,3844,1149,3985,4064,4158,3778,2524,4249,2506,1696,3243,1547,3614,3220,1703
BEE,BS Elem Education,4,1,MISSING,No usable source row found.,Manual official fee entry/import is required.,,,,4579,3091,2322,1524,1129,2731,2840,1892,2349,3906,1267,3437,1430,3800,3728,4789,2441,2362,4941,4656
BEE,BS Elem Education,4,2,MISSING,No usable source row found.,Manual official fee entry/import is required.,,,,3665,1428,1589,1198,1007,3271,3238,4620,1323,2849,3800,2469,4159,1695,1487,4687,2216,1186,2487,2319
BEED,Bachelor of Elementary Education,1,1,MISSING,No usable source row found.,Manual official fee entry/import is required.,,,,3305,3434,1966,2331,1409,1920,3903,3984,2575,2394,1639,1626,1281,2697,4604,2390,3261,3804,2427,2897
BEED,Bachelor of Elementary Education,1,2,MISSING,No usable source row found.,Manual official fee entry/import is required.,,,,1496,2601,1837,3438,2484,3507,3089,2361,4629,1039,3668,1822,2122,4535,4470,2718,2996,3143,1970,1826
BEED,Bachelor of Elementary Education,2,1,MISSING,No usable source row found.,Manual official fee entry/import is required.,,,,2885,4634,1286,1084,2476,3070,4890,1616,3286,4473,4982,3308,2379,3865,4182,3510,3709,1190,1567,3956
BEED,Bachelor of Elementary Education,2,2,MISSING,No usable source row found.,Manual official fee entry/import is required.,,,,4724,3056,4223,1717,1551,3015,1059,4669,2238,4650,3920,4800,1079,4466,2015,3293,2712,1686,4485,3646
BEED,Bachelor of Elementary Education,3,1,MISSING,No usable source row found.,Manual official fee entry/import is required.,,,,2179,2382,3308,3602,2764,2115,3558,4091,2761,3216,1634,4774,4153,1013,4311,3999,1982,4419,3015,3700
BEED,Bachelor of Elementary Education,3,2,MISSING,No usable source row found.,Manual official fee entry/import is required.,,,,2475,2043,2310,4899,3716,1264,4429,3842,2248,2953,3139,4163,2688,2704,2716,2135,2542,4493,4591,4970
BEED,Bachelor of Elementary Education,4,1,MISSING,No usable source row found.,Manual official fee entry/import is required.,,,,2896,2691,1655,4557,1890,3124,4281,3952,4130,3849,4288,2603,1656,4000,4868,4420,3049,3388,2010,2290
BEED,Bachelor of Elementary Education,4,2,MISSING,No usable source row found.,Manual official fee entry/import is required.,,,,1505,3049,1364,3101,2180,2027,2696,4099,4407,2127,1964,2592,1252,1318,3256,2213,4412,2036,1960,1070
BEMIE,BS Educ major in English,1,1,MISSING,No usable source row found.,Manual official fee entry/import is required.,,,,4134,4470,1725,2875,2403,1079,4026,3051,3822,3963,2071,3565,3193,1487,1644,4371,3211,1134,4992,3622
BEMIE,BS Educ major in English,1,2,MISSING,No usable source row found.,Manual official fee entry/import is required.,,,,1646,1346,1624,2240,3164,3163,3052,3288,1693,2660,1984,1564,2976,2765,2018,2751,1630,3264,3202,4704
BEMIE,BS Educ major in English,2,1,MISSING,No usable source row found.,Manual official fee entry/import is required.,,,,1140,2198,4517,4695,1054,1132,3614,1594,1202,3188,4660,1123,4412,2183,1938,3424,2652,3833,3930,3520
BEMIE,BS Educ major in English,2,2,MISSING,No usable source row found.,Manual official fee entry/import is required.,,,,1837,1386,2622,2493,2614,1503,1852,2137,3079,4941,3834,4524,3586,1852,1284,3985,1521,2279,2300,2682
BEMIE,BS Educ major in English,3,1,MISSING,No usable source row found.,Manual official fee entry/import is required.,,,,4204,1648,2828,1320,3503,2112,3969,2206,1516,3081,2506,4732,4172,1618,2423,4176,3694,2682,3093,2382
BEMIE,BS Educ major in English,3,2,MISSING,No usable source row found.,Manual official fee entry/import is required.,,,,2013,4487,4313,1937,4170,3735,1046,4913,4383,3168,2995,2440,4085,1387,1675,1939,1282,2927,2137,4725
BEMIE,BS Educ major in English,4,1,MISSING,No usable source row found.,Manual official fee entry/import is required.,,,,4783,2053,1900,3090,2183,3497,2045,2158,3365,4632,3948,3060,3535,3543,4658,2647,1301,1448,3776,1714
BEMIE,BS Educ major in English,4,2,MISSING,No usable source row found.,Manual official fee entry/import is required.,,,,1662,1582,2886,2145,3129,2218,1622,4719,2135,4616,3492,4915,1702,4589,1049,3160,4070,3037,1961,1520
BMIOM,BSBA Major in Operation Management,1,1,MISSING,No usable source row found.,Manual official fee entry/import is required.,,,,1302,2107,1793,2642,2942,4735,1906,1716,1772,2030,1196,2145,3523,1198,3913,3338,4844,4295,4128,3098
BMIOM,BSBA Major in Operation Management,1,2,MISSING,No usable source row found.,Manual official fee entry/import is required.,,,,2476,1979,2678,4510,2442,2849,4950,2487,2587,4279,3502,3040,2821,2381,1693,1031,1580,3951,3296,4389
BMIOM,BSBA Major in Operation Management,2,1,MISSING,No usable source row found.,Manual official fee entry/import is required.,,,,3428,1691,2459,4367,4051,4076,4174,1656,3681,1985,4265,4268,1964,4684,4997,4990,3249,1018,3946,3702
BMIOM,BSBA Major in Operation Management,2,2,MISSING,No usable source row found.,Manual official fee entry/import is required.,,,,1146,1157,2330,2615,3263,1893,1394,2286,4467,2602,1840,1453,4782,2745,1539,3036,4190,4474,1166,3089
BMIOM,BSBA Major in Operation Management,3,1,MISSING,No usable source row found.,Manual official fee entry/import is required.,,,,3943,4052,2010,3309,2730,3681,1862,4889,3710,3671,4179,1591,4281,3301,1227,1117,1381,1936,3466,3420
BMIOM,BSBA Major in Operation Management,3,2,MISSING,No usable source row found.,Manual official fee entry/import is required.,,,,4167,4091,3909,2589,4401,1103,3021,1871,4441,3354,4556,1729,3211,4988,3342,1376,1738,2301,2846,4873
BMIOM,BSBA Major in Operation Management,4,1,MISSING,No usable source row found.,Manual official fee entry/import is required.,,,,4257,4514,2731,3406,1576,4194,2572,2888,3722,2706,2102,3191,2771,1130,3635,3327,4923,4235,1818,2875
BMIOM,BSBA Major in Operation Management,4,2,MISSING,No usable source row found.,Manual official fee entry/import is required.,,,,2911,3801,3720,4290,2132,4154,3753,4919,3225,2911,4890,3636,1237,3151,1232,1204,2922,2109,2876,2225
BSA,Bachelor of Science in Accountancy,1,1,MISSING,No usable source row found.,Manual official fee entry/import is required.,,,,2005,3346,4537,2733,2272,3234,4947,2673,1891,2490,4301,4284,2436,2227,3451,1671,3836,1551,2335,2836
BSA,Bachelor of Science in Accountancy,1,2,MISSING,No usable source row found.,Manual official fee entry/import is required.,,,,1154,1907,2353,3088,1336,2389,2654,2739,4950,4555,4316,4682,2298,2837,1318,1093,3519,4558,1381,1480
BSA,Bachelor of Science in Accountancy,2,1,MISSING,No usable source row found.,Manual official fee entry/import is required.,,,,3780,3545,4383,3327,3658,3822,3218,2185,1078,3463,3038,4580,2496,3298,3237,4650,1547,2785,2661,3202
BSA,Bachelor of Science in Accountancy,2,2,MISSING,No usable source row found.,Manual official fee entry/import is required.,,,,2360,1388,3929,4907,1205,4255,4141,1694,1197,1365,2182,1803,1552,2225,1233,1946,2532,4792,3699,4623
BSA,Bachelor of Science in Accountancy,3,1,MISSING,No usable source row found.,Manual official fee entry/import is required.,,,,4432,4065,3052,1029,3787,3455,4920,1919,4769,2084,4975,3924,3448,2963,2811,4973,1689,2963,3231,4568
BSA,Bachelor of Science in Accountancy,3,2,MISSING,No usable source row found.,Manual official fee entry/import is required.,,,,2158,2123,1792,4908,3531,4325,3414,1648,3108,3820,2925,1623,3844,3014,1505,1511,1218,4805,2060,2620
BSA,Bachelor of Science in Accountancy,4,1,MISSING,No usable source row found.,Manual official fee entry/import is required.,,,,4791,4391,3658,2783,2388,1072,1317,4029,1098,4497,3746,4808,4135,4584,2565,1137,3289,3987,3104,1790
BSA,Bachelor of Science in Accountancy,4,2,MISSING,No usable source row found.,Manual official fee entry/import is required.,,,,3573,3165,4545,1069,3042,3074,1781,3739,3236,2947,4351,2231,1039,1101,3832,1507,4417,3868,3045,2273
BSBA,Bachelor of Science in Business Administration,1,1,MISSING,No usable source row found.,Manual official fee entry/import is required.,,,,4909,4543,4733,3070,3711,2611,2657,3520,2664,2580,2752,3283,3774,3096,4794,3650,1473,4215,1385,4271
BSBA,Bachelor of Science in Business Administration,1,2,MISSING,No usable source row found.,Manual official fee entry/import is required.,,,,2537,1371,2072,3984,2003,3210,4047,1006,2817,4526,3522,2728,2639,1205,1172,3826,3492,1701,3281,3229
BSBA,Bachelor of Science in Business Administration,2,1,MISSING,No usable source row found.,Manual official fee entry/import is required.,,,,3986,2442,2301,2938,1930,3446,1188,2504,3579,3434,2526,2529,2851,3932,2937,1960,2006,3086,3379,4791
BSBA,Bachelor of Science in Business Administration,2,2,MISSING,No usable source row found.,Manual official fee entry/import is required.,,,,3999,1908,4855,3697,3737,4629,3401,1804,2641,4744,3192,2743,3937,1480,4402,4428,1812,4959,3160,1333
BSBA,Bachelor of Science in Business Administration,3,1,MISSING,No usable source row found.,Manual official fee entry/import is required.,,,,4138,3624,3514,3231,1023,1636,4339,3140,4859,1493,4791,4093,1942,2982,4190,4610,1668,2967,3989,3639
BSBA,Bachelor of Science in Business Administration,3,2,MISSING,No usable source row found.,Manual official fee entry/import is required.,,,,3364,2783,3060,1643,3030,4854,1502,4802,3067,3724,4451,3061,4660,3854,1491,2212,1705,1569,1005,3612
BSBA,Bachelor of Science in Business Administration,4,1,MISSING,No usable source row found.,Manual official fee entry/import is required.,,,,3971,1689,1885,2415,3914,3654,4180,4892,4398,2193,4601,1365,1404,3329,4298,2896,3139,3659,3568,1572
BSBA,Bachelor of Science in Business Administration,4,2,MISSING,No usable source row found.,Manual official fee entry/import is required.,,,,2125,1478,1297,2484,1509,2746,1874,2878,2993,1058,2050,4138,4850,3383,2788,4259,2796,1993,4929,2159
BSBIO,Bachelor of Science in Biology,1,1,MISSING,No usable source row found.,Manual official fee entry/import is required.,,,,4983,3671,4338,3011,4110,2074,4858,1662,1929,3333,3455,4101,3180,4384,1040,4463,4763,4563,4045,1448
BSBIO,Bachelor of Science in Biology,1,2,MISSING,No usable source row found.,Manual official fee entry/import is required.,,,,4227,3407,1034,2042,4604,4552,2785,3003,1935,2254,4322,1563,3395,3902,2470,3051,4522,3838,1480,1271
BSBIO,Bachelor of Science in Biology,2,1,MISSING,No usable source row found.,Manual official fee entry/import is required.,,,,4316,3834,3441,2933,1668,1977,4105,4575,2580,4815,4366,4667,4300,4043,1030,4465,4245,2346,4955,3804
BSBIO,Bachelor of Science in Biology,2,2,MISSING,No usable source row found.,Manual official fee entry/import is required.,,,,2320,3794,1876,2753,4605,1638,3753,3947,2431,2102,1781,1434,4139,1797,3245,3608,3373,1856,1151,3871
BSBIO,Bachelor of Science in Biology,3,1,MISSING,No usable source row found.,Manual official fee entry/import is required.,,,,4823,4404,1899,4451,4758,2306,4464,2037,3193,1242,2557,4290,2930,2854,1594,1624,1497,4078,3235,1321
BSBIO,Bachelor of Science in Biology,3,2,MISSING,No usable source row found.,Manual official fee entry/import is required.,,,,2396,1847,4292,3383,4345,1445,1288,2959,4513,2977,3070,1481,3459,3944,4941,1880,1447,2681,3268,1637
BSBIO,Bachelor of Science in Biology,4,1,MISSING,No usable source row found.,Manual official fee entry/import is required.,,,,4090,2244,4371,3230,3940,1685,4400,4051,3756,4212,3182,3992,1350,4917,2446,1796,3152,3713,1214,4988
BSBIO,Bachelor of Science in Biology,4,2,MISSING,No usable source row found.,Manual official fee entry/import is required.,,,,3018,4607,4245,1377,1519,2167,3956,3178,3366,1222,2153,3718,4067,3018,1890,1189,2781,1503,1308,4040
BSCE,Bachelor of Science in Civil Engineering,1,1,MISSING,No usable source row found.,Manual official fee entry/import is required.,,,,4865,1024,2746,4996,4702,2148,2862,2219,2056,4394,3122,2697,1019,2445,1117,2284,2760,4901,1362,2893
BSCE,Bachelor of Science in Civil Engineering,1,2,MISSING,No usable source row found.,Manual official fee entry/import is required.,,,,3307,3943,4730,3315,4022,2376,4949,1133,3684,4296,1837,2194,1618,1418,4266,4584,3168,1958,4188,2777
BSCE,Bachelor of Science in Civil Engineering,2,1,MISSING,No usable source row found.,Manual official fee entry/import is required.,,,,3528,2377,3464,3641,4362,2702,1670,3405,3520,1642,4978,3581,1100,1171,3893,4577,2191,3811,2823,2524
BSCE,Bachelor of Science in Civil Engineering,2,2,MISSING,No usable source row found.,Manual official fee entry/import is required.,,,,4527,3331,1365,3590,3866,2972,2475,3714,3712,3976,3859,4337,3830,2064,2452,4328,1346,1466,1963,3061
BSCE,Bachelor of Science in Civil Engineering,3,1,MISSING,No usable source row found.,Manual official fee entry/import is required.,,,,4978,4980,2526,4432,2301,2021,3418,3786,4213,1315,4863,2365,2942,1944,3304,4727,4195,3283,2759,2298
BSCE,Bachelor of Science in Civil Engineering,3,2,MISSING,No usable source row found.,Manual official fee entry/import is required.,,,,4031,4313,3950,1875,4647,2072,1036,2113,1889,2483,3369,2851,2033,4366,1986,4647,2233,3188,1125,3906
BSCE,Bachelor of Science in Civil Engineering,4,1,MISSING,No usable source row found.,Manual official fee entry/import is required.,,,,1631,2953,1525,2607,3520,2568,2562,1735,2927,4977,2206,1955,1440,2377,3878,1276,3970,1949,4989,2616
BSCE,Bachelor of Science in Civil Engineering,4,2,MISSING,No usable source row found.,Manual official fee entry/import is required.,,,,2074,4229,4075,4402,2531,3351,1299,2813,4265,3994,3014,1033,1507,3945,4312,3189,1841,2190,3178,1075
BSCRIM,Bachelor of Science in Criminology,1,1,MISSING,No usable source row found.,Manual official fee entry/import is required.,,,,4373,3067,1215,1889,4036,4571,3804,1980,2449,1910,3324,1618,3709,4767,4039,3357,4487,1311,2613,4982
BSCRIM,Bachelor of Science in Criminology,1,2,MISSING,No usable source row found.,Manual official fee entry/import is required.,,,,4779,4444,3879,1019,3001,4604,4224,2500,4827,2943,1248,2269,2136,1122,2330,2663,1514,3176,2817,2166
BSCRIM,Bachelor of Science in Criminology,2,1,MISSING,No usable source row found.,Manual official fee entry/import is required.,,,,4444,2297,1854,1064,1429,4411,4015,1069,3498,2525,3293,3195,1096,4100,1460,2035,4731,3161,2094,4614
BSCRIM,Bachelor of Science in Criminology,2,2,MISSING,No usable source row found.,Manual official fee entry/import is required.,,,,2058,4585,3261,3551,4158,4695,3469,3059,4562,2736,1826,3010,3924,2178,3337,4046,2032,2001,1797,2449
BSCRIM,Bachelor of Science in Criminology,3,1,MISSING,No usable source row found.,Manual official fee entry/import is required.,,,,3707,4829,3773,2739,1524,3217,1375,3574,4321,2228,2335,1990,1536,1840,4904,4594,3039,3210,4709,1052
BSCRIM,Bachelor of Science in Criminology,3,2,MISSING,No usable source row found.,Manual official fee entry/import is required.,,,,1640,1800,1552,3421,1964,1675,2925,3113,2703,4526,3977,4686,2319,2935,3842,3629,3640,1923,1048,3444
BSCRIM,Bachelor of Science in Criminology,4,1,MISSING,No usable source row found.,Manual official fee entry/import is required.,,,,2245,1052,4035,2832,2889,4114,3709,4438,2049,3099,2458,1147,4814,3466,4799,3848,1788,1323,1430,1578
BSCRIM,Bachelor of Science in Criminology,4,2,MISSING,No usable source row found.,Manual official fee entry/import is required.,,,,1182,2491,1319,3130,2135,3643,2750,4443,4296,1004,2344,4713,4068,4743,2218,2870,4789,1546,4703,3271
BSCS,Bachelor of Science in Computer Science,1,1,MISSING,No usable source row found.,Manual official fee entry/import is required.,,,,3390,2079,2707,3355,3396,4367,1632,4631,3023,1792,4657,4471,1009,4080,1330,1556,2344,4199,3255,1224
BSCS,Bachelor of Science in Computer Science,1,2,MISSING,No usable source row found.,Manual official fee entry/import is required.,,,,1023,2699,2192,3823,1979,2976,4395,2007,1183,2831,4448,2703,3430,4288,1358,4805,3185,2875,2682,4751
BSCS,Bachelor of Science in Computer Science,2,1,MISSING,No usable source row found.,Manual official fee entry/import is required.,,,,1498,1975,4405,3468,2438,1109,1421,1152,1925,2189,4844,4751,1930,1292,3788,2436,2239,1966,4721,4354
BSCS,Bachelor of Science in Computer Science,2,2,MISSING,No usable source row found.,Manual official fee entry/import is required.,,,,1209,1325,1178,3625,4993,1652,2947,4854,1524,4844,4901,1885,3968,2938,3878,1421,2029,4689,4170,4744
BSCS,Bachelor of Science in Computer Science,3,1,MISSING,No usable source row found.,Manual official fee entry/import is required.,,,,4287,4944,4065,1140,4671,3952,4125,1770,1048,3571,3865,4929,4317,3241,4664,3672,2698,2794,1170,4406
BSCS,Bachelor of Science in Computer Science,3,2,MISSING,No usable source row found.,Manual official fee entry/import is required.,,,,4243,2133,1760,1762,4918,3401,3501,3577,4673,4571,2861,3511,3359,4548,2133,4870,1061,1589,1286,1132
BSCS,Bachelor of Science in Computer Science,4,1,MISSING,No usable source row found.,Manual official fee entry/import is required.,,,,1109,1596,2745,3861,1484,1509,4207,2926,3076,2289,2579,2587,3296,3354,1599,4269,3609,1486,1133,3405
BSCS,Bachelor of Science in Computer Science,4,2,MISSING,No usable source row found.,Manual official fee entry/import is required.,,,,4874,2548,1437,1181,2734,1427,3914,2202,2279,3565,4927,2560,3017,2842,1069,1415,3065,3294,3096,1980
BSECE,Bachelor of Science in Electronics Engineering,1,1,MISSING,No usable source row found.,Manual official fee entry/import is required.,,,,4575,1710,2504,3468,1817,3270,3822,1656,2348,2619,2770,1570,4221,3012,4587,3069,2349,3750,2723,1360
BSECE,Bachelor of Science in Electronics Engineering,1,2,MISSING,No usable source row found.,Manual official fee entry/import is required.,,,,2689,1249,2041,2259,2195,2027,3098,4074,2154,3129,1278,3027,2344,3704,2780,1335,1511,4694,3529,4105
BSECE,Bachelor of Science in Electronics Engineering,2,1,MISSING,No usable source row found.,Manual official fee entry/import is required.,,,,2593,2630,1001,4211,3541,4965,3271,2545,2532,3738,2054,4307,1261,3636,3619,2199,3384,4148,2855,3202
BSECE,Bachelor of Science in Electronics Engineering,2,2,MISSING,No usable source row found.,Manual official fee entry/import is required.,,,,1171,3000,1264,4207,3977,2216,3483,1540,2241,4729,2737,3134,4434,1571,4524,4956,2166,2794,2844,1312
BSECE,Bachelor of Science in Electronics Engineering,3,1,MISSING,No usable source row found.,Manual official fee entry/import is required.,,,,4731,2910,2698,1174,2903,4120,2671,3824,1833,2929,4216,1823,1452,4174,3043,4738,2858,3536,2928,2269
BSECE,Bachelor of Science in Electronics Engineering,3,2,MISSING,No usable source row found.,Manual official fee entry/import is required.,,,,2101,4696,3437,2382,1427,2819,3379,2858,2272,4148,4096,4278,1827,1046,4575,4206,2255,4601,3586,4700
BSECE,Bachelor of Science in Electronics Engineering,4,1,MISSING,No usable source row found.,Manual official fee entry/import is required.,,,,4463,2382,4910,2838,4102,2965,2011,4303,1343,3266,1623,4986,3960,3833,1069,1044,2543,4749,3821,2207
BSECE,Bachelor of Science in Electronics Engineering,4,2,MISSING,No usable source row found.,Manual official fee entry/import is required.,,,,4769,2235,2238,2210,3916,4738,1019,2915,1014,4748,4840,3629,2365,4505,3416,1990,3870,4141,4851,4028
BSED,Bachelor of Secondary Education,1,1,MISSING,No usable source row found.,Manual official fee entry/import is required.,,,,1784,4164,4031,3135,2486,4936,2188,1237,4215,4203,2812,1353,2871,1279,2901,3490,3417,2033,3312,2305
BSED,Bachelor of Secondary Education,1,2,MISSING,No usable source row found.,Manual official fee entry/import is required.,,,,4759,4040,1945,3551,3710,4681,1521,3101,2465,3871,2561,2880,3377,1998,4470,3297,4325,2553,3028,3120
BSED,Bachelor of Secondary Education,2,1,MISSING,No usable source row found.,Manual official fee entry/import is required.,,,,3207,4523,2242,4235,4524,3047,1489,2967,3835,4264,4087,2556,4493,2991,1107,4119,4694,4277,3912,3502
BSED,Bachelor of Secondary Education,2,2,MISSING,No usable source row found.,Manual official fee entry/import is required.,,,,5000,3609,3264,3800,1325,2895,3853,4510,3546,4460,1761,1387,1612,3368,4033,3274,2835,3157,4695,4249
BSED,Bachelor of Secondary Education,3,1,MISSING,No usable source row found.,Manual official fee entry/import is required.,,,,4435,3811,1251,1443,4355,3999,2599,2210,2518,2127,2868,4780,4853,4027,4031,2121,3244,4818,2960,1618
BSED,Bachelor of Secondary Education,3,2,MISSING,No usable source row found.,Manual official fee entry/import is required.,,,,1002,2465,3327,2227,2293,4305,2218,2609,3101,2552,1984,2009,1096,3002,3259,3552,2688,4083,4616,1554
BSED,Bachelor of Secondary Education,4,1,MISSING,No usable source row found.,Manual official fee entry/import is required.,,,,4518,3328,3142,3254,2635,3406,1888,3363,4439,2943,1160,3981,1299,2539,2724,4247,3572,1859,3504,4426
BSED,Bachelor of Secondary Education,4,2,MISSING,No usable source row found.,Manual official fee entry/import is required.,,,,2904,1374,1764,3854,1519,3958,1668,4066,4396,3545,1216,3409,2534,1594,3979,4904,2617,4367,2522,3138
BSEMISS,BS Secondary Educ major in Social Studies,1,1,MISSING,No usable source row found.,Manual official fee entry/import is required.,,,,4988,4092,2780,3255,4493,3563,3067,3737,3508,4511,3821,4452,3629,3965,1198,4920,4862,2306,1770,2437
BSEMISS,BS Secondary Educ major in Social Studies,1,2,MISSING,No usable source row found.,Manual official fee entry/import is required.,,,,3855,4404,3458,2637,1048,2892,4240,4673,2714,1899,3319,2839,3156,4433,1243,1362,1176,4305,1603,4819
BSEMISS,BS Secondary Educ major in Social Studies,2,1,MISSING,No usable source row found.,Manual official fee entry/import is required.,,,,2613,2629,1066,3530,3563,1767,2273,3605,2941,3614,4666,1751,2037,1444,2055,2108,3537,2545,3525,1610
BSEMISS,BS Secondary Educ major in Social Studies,2,2,MISSING,No usable source row found.,Manual official fee entry/import is required.,,,,1424,3716,4637,2253,1991,2175,3807,1191,2797,4557,3301,2885,2327,4878,1324,1759,2913,4947,4461,1385
BSEMISS,BS Secondary Educ major in Social Studies,3,1,MISSING,No usable source row found.,Manual official fee entry/import is required.,,,,1921,1985,1127,3503,2673,3080,3286,3158,3174,3555,1095,1226,2394,1818,3338,3094,4435,4868,3307,4728
BSEMISS,BS Secondary Educ major in Social Studies,3,2,MISSING,No usable source row found.,Manual official fee entry/import is required.,,,,1977,4005,4092,4714,2873,3365,3736,2220,1717,1975,1129,4085,3189,4996,3582,2593,3520,4215,2672,1601
BSEMISS,BS Secondary Educ major in Social Studies,4,1,MISSING,No usable source row found.,Manual official fee entry/import is required.,,,,3593,1491,2594,4342,1193,4432,2393,1887,3706,3080,2471,1745,1144,3407,1851,3229,2267,3982,1870,3959
BSEMISS,BS Secondary Educ major in Social Studies,4,2,MISSING,No usable source row found.,Manual official fee entry/import is required.,,,,2245,1649,2904,3777,2134,2982,2888,1946,4327,1274,2323,4071,4652,3627,3921,1223,1996,2981,3842,2725
BSMATH,Bachelor of Science in Mathematics,1,1,MISSING,No usable source row found.,Manual official fee entry/import is required.,,,,1887,3141,2822,1780,1378,3654,4220,1388,3588,4169,4527,2024,2252,3686,1472,4922,2491,3890,3181,2426
BSMATH,Bachelor of Science in Mathematics,1,2,MISSING,No usable source row found.,Manual official fee entry/import is required.,,,,3167,4237,4518,2358,4680,4706,1993,1668,1929,3851,3979,1929,4674,2982,2942,2768,3847,2654,1609,1450
BSMATH,Bachelor of Science in Mathematics,2,1,MISSING,No usable source row found.,Manual official fee entry/import is required.,,,,2790,2631,3130,2144,3291,1265,2442,2900,4647,4137,3168,4486,2184,1377,4311,4773,2965,2805,2879,4049
BSMATH,Bachelor of Science in Mathematics,2,2,MISSING,No usable source row found.,Manual official fee entry/import is required.,,,,1129,4505,4504,2124,3488,1417,1057,1598,3080,2793,2675,1727,4820,3161,2653,1528,3533,3130,3311,2567
BSMATH,Bachelor of Science in Mathematics,3,1,MISSING,No usable source row found.,Manual official fee entry/import is required.,,,,1214,3803,3713,4714,1359,4961,3453,4372,4542,3988,4269,4115,1383,1130,2938,3029,1154,1581,3869,3287
BSMATH,Bachelor of Science in Mathematics,3,2,MISSING,No usable source row found.,Manual official fee entry/import is required.,,,,4436,1817,1244,2806,1139,3034,2833,2296,4079,4724,3485,2051,2677,1995,3736,2540,3189,1608,2597,3316
BSMATH,Bachelor of Science in Mathematics,4,1,MISSING,No usable source row found.,Manual official fee entry/import is required.,,,,3443,3895,3224,1450,1925,2245,2167,3620,1575,3164,3653,3679,3584,1767,2324,2092,3729,3217,3727,2854
BSMATH,Bachelor of Science in Mathematics,4,2,MISSING,No usable source row found.,Manual official fee entry/import is required.,,,,2860,4366,4643,4280,2913,1568,4633,4277,3297,1557,4621,4449,1717,4517,4839,4226,4563,3487,4067,1152
BSMEDTECH,Medtech,1,1,MISSING,No usable source row found.,Manual official fee entry/import is required.,,,,4874,3418,4016,3398,4845,1547,1184,2689,1887,2803,2052,2224,3912,2608,2137,3231,4827,2642,1310,3192
BSMEDTECH,Medtech,1,2,MISSING,No usable source row found.,Manual official fee entry/import is required.,,,,1699,1039,1589,3699,2790,2982,1570,4580,4808,3702,4522,4208,4358,1005,4004,1730,1452,4805,1690,1228
BSMEDTECH,Medtech,2,1,MISSING,No usable source row found.,Manual official fee entry/import is required.,,,,2539,1191,3189,4366,1170,1611,3418,1743,4981,1235,2225,1152,2431,1874,2290,2198,2504,4662,4011,4923
BSMEDTECH,Medtech,2,2,MISSING,No usable source row found.,Manual official fee entry/import is required.,,,,2972,4988,3225,2922,3117,1730,4688,4473,1645,4516,2774,2580,3523,2233,3168,4642,3907,2600,4429,1955
BSMEDTECH,Medtech,3,1,MISSING,No usable source row found.,Manual official fee entry/import is required.,,,,4043,4883,2592,3670,3779,2765,1273,2756,3177,3440,3308,1125,3098,2384,1209,3693,3174,4386,2965,3230
BSMEDTECH,Medtech,3,2,MISSING,No usable source row found.,Manual official fee entry/import is required.,,,,1840,3146,2507,1106,3487,4471,1068,4843,2472,1515,2989,1275,1564,1958,3042,3554,4514,2237,2452,4714
BSMEDTECH,Medtech,4,1,MISSING,No usable source row found.,Manual official fee entry/import is required.,,,,4730,2867,1104,1867,3128,1168,3028,2266,4510,1007,2726,3605,2763,4649,4721,3721,1657,1929,3974,2082
BSMEDTECH,Medtech,4,2,MISSING,No usable source row found.,Manual official fee entry/import is required.,,,,4387,4049,1707,3897,1093,3155,4065,3795,4316,3973,1336,2393,2701,2641,4071,2113,3244,2742,3961,4122
BSMT,Bachelor of Science in Medical Technology,1,1,MISSING,No usable source row found.,Manual official fee entry/import is required.,,,,4499,2526,4490,1042,4734,2949,4525,2825,1048,2642,2974,4527,1585,2136,1396,4001,3148,1619,3319,1571
BSMT,Bachelor of Science in Medical Technology,1,2,MISSING,No usable source row found.,Manual official fee entry/import is required.,,,,4702,2770,2062,2056,1541,3084,4581,1228,4948,4219,1955,1388,3513,4921,4218,3164,4389,3554,1009,2063
BSMT,Bachelor of Science in Medical Technology,2,1,MISSING,No usable source row found.,Manual official fee entry/import is required.,,,,3837,1527,4154,1024,3197,3895,2039,2095,3102,1997,2134,4986,1420,4263,1448,4514,3180,3707,2129,2079
BSMT,Bachelor of Science in Medical Technology,2,2,MISSING,No usable source row found.,Manual official fee entry/import is required.,,,,3107,2679,3614,3874,2162,4765,4863,3687,1821,3680,2153,1260,4238,3852,1765,2923,4917,4710,4701,1153
BSMT,Bachelor of Science in Medical Technology,3,1,MISSING,No usable source row found.,Manual official fee entry/import is required.,,,,2455,3594,1630,4080,3718,2750,2678,4250,2439,1198,4248,2375,2439,2688,4387,4359,1484,4866,1627,4355
BSMT,Bachelor of Science in Medical Technology,3,2,MISSING,No usable source row found.,Manual official fee entry/import is required.,,,,4116,2872,3122,4838,3410,2212,4575,4762,2253,3395,1041,1828,4306,2657,1548,4385,3501,3689,3229,2831
BSMT,Bachelor of Science in Medical Technology,4,1,MISSING,No usable source row found.,Manual official fee entry/import is required.,,,,3123,4205,4532,4693,3292,2340,3239,1916,3355,2686,2236,2460,3590,3286,3615,4713,4648,3683,1229,1378
BSMT,Bachelor of Science in Medical Technology,4,2,MISSING,No usable source row found.,Manual official fee entry/import is required.,,,,4763,1181,2302,3457,4021,1543,3169,1111,4838,4904,4319,1275,4396,1028,3627,3112,2489,3181,4486,4018
BSN,Bachelor of Science in Nursing,1,1,MISSING,No usable source row found.,Manual official fee entry/import is required.,,,,3437,1571,1184,1505,3300,3682,3493,2250,2103,2897,1474,2757,2134,1590,4157,3008,2118,2759,1610,1047
BSN,Bachelor of Science in Nursing,1,2,MISSING,No usable source row found.,Manual official fee entry/import is required.,,,,1962,1203,3515,1672,4828,3072,4143,4837,2032,4474,3180,4078,1162,2792,1222,4150,3265,3042,4971,2546
BSN,Bachelor of Science in Nursing,2,1,MISSING,No usable source row found.,Manual official fee entry/import is required.,,,,2292,1041,4548,2094,3572,2442,2835,1380,4141,1297,4262,4947,3120,1386,1044,4038,1833,2516,4625,3264
BSN,Bachelor of Science in Nursing,2,2,MISSING,No usable source row found.,Manual official fee entry/import is required.,,,,2742,3185,1200,1754,1030,2633,4732,1400,4292,2711,2063,1054,2213,4022,1703,2985,3177,1996,3466,4828
BSN,Bachelor of Science in Nursing,3,1,MISSING,No usable source row found.,Manual official fee entry/import is required.,,,,1857,3238,4664,2727,1622,1947,4576,3665,3162,4657,2397,1908,3592,4437,3453,1992,3167,4751,1665,2685
BSN,Bachelor of Science in Nursing,3,2,MISSING,No usable source row found.,Manual official fee entry/import is required.,,,,2520,3661,2973,4873,1862,1410,4502,3442,2843,4538,3342,4265,3302,3225,2391,3080,1153,3431,4674,2802
BSN,Bachelor of Science in Nursing,4,1,MISSING,No usable source row found.,Manual official fee entry/import is required.,,,,2932,3514,3605,4216,1889,1444,3461,2077,2638,3919,4847,2252,1284,3977,2073,4941,1984,2079,2664,2770
BSN,Bachelor of Science in Nursing,4,2,MISSING,No usable source row found.,Manual official fee entry/import is required.,,,,4469,3328,4605,4456,4733,3456,4464,3351,4925,4497,4680,4442,2722,3315,2357,3806,3455,3535,4826,2809
BSOT,Occupational Therapy,1,1,MISSING,No usable source row found.,Manual official fee entry/import is required.,,,,1853,1786,4171,2399,1702,4937,3357,4464,4694,4143,1150,3877,3495,2077,3494,1870,2488,2133,4954,1539
BSOT,Occupational Therapy,1,2,MISSING,No usable source row found.,Manual official fee entry/import is required.,,,,2222,3439,3320,3764,2248,2924,4940,4906,4036,3917,2233,2544,1831,1843,2104,1370,3436,4563,1862,1986
BSOT,Occupational Therapy,2,1,MISSING,No usable source row found.,Manual official fee entry/import is required.,,,,3481,2180,3811,1585,3287,4341,4220,1542,1641,4277,3884,4294,4739,4563,2808,1072,2680,2266,4366,3281
BSOT,Occupational Therapy,2,2,MISSING,No usable source row found.,Manual official fee entry/import is required.,,,,3391,1285,4995,2399,3859,4468,2248,3825,3523,3227,3111,4439,2539,1652,3612,3086,3244,2019,4817,1751
BSOT,Occupational Therapy,3,1,MISSING,No usable source row found.,Manual official fee entry/import is required.,,,,2170,3189,2409,4860,4439,1967,4076,3116,1247,4905,3251,4468,4780,1489,2122,3772,1350,2285,3112,4945
BSOT,Occupational Therapy,3,2,MISSING,No usable source row found.,Manual official fee entry/import is required.,,,,2651,3852,4688,4048,1467,4330,3239,4226,1894,2823,3152,4042,1529,1318,3902,3170,1907,4716,3324,1235
BSOT,Occupational Therapy,4,1,MISSING,No usable source row found.,Manual official fee entry/import is required.,,,,2903,2751,4815,3564,3923,2118,3108,4346,1569,1648,2691,4275,4903,2314,4684,1728,1260,1329,1225,2015
BSOT,Occupational Therapy,4,2,MISSING,No usable source row found.,Manual official fee entry/import is required.,,,,1880,4434,2519,4274,2103,2803,1324,2266,1558,3042,4641,4426,1379,1431,4636,3449,2308,4557,1048,4543
BSPHARM,SP Science in Pharmacy,1,1,MISSING,No usable source row found.,Manual official fee entry/import is required.,,,,2561,4721,1961,3560,4677,1919,4013,2838,3947,2420,3982,1171,1625,3955,2397,1296,2587,3575,4781,2380
BSPHARM,SP Science in Pharmacy,1,2,MISSING,No usable source row found.,Manual official fee entry/import is required.,,,,2513,1923,3661,3256,2040,4619,1043,3542,3719,3853,4498,1874,2747,1948,4700,4512,2629,4602,3608,2116
BSPHARM,SP Science in Pharmacy,2,1,MISSING,No usable source row found.,Manual official fee entry/import is required.,,,,4096,2441,1724,4497,4960,3017,1191,3308,3351,3902,4782,4808,1280,4291,3255,1913,4209,1576,1602,3269
BSPHARM,SP Science in Pharmacy,2,2,MISSING,No usable source row found.,Manual official fee entry/import is required.,,,,2431,2410,1006,1511,3511,1692,2788,4984,2950,4632,4084,2052,1224,4482,4502,4658,2283,3809,1823,4450
BSPHARM,SP Science in Pharmacy,3,1,MISSING,No usable source row found.,Manual official fee entry/import is required.,,,,3514,1748,2378,3162,1392,2845,3761,3617,1158,1931,2033,2421,3348,1476,3445,1872,1623,3443,4530,2121
BSPHARM,SP Science in Pharmacy,3,2,MISSING,No usable source row found.,Manual official fee entry/import is required.,,,,2618,1479,2142,4540,2916,3314,4737,2245,4242,4376,2217,3919,1751,2047,2810,4653,2152,4282,3005,3066
BSPHARM,SP Science in Pharmacy,4,1,MISSING,No usable source row found.,Manual official fee entry/import is required.,,,,4918,2150,2682,3203,1984,1273,4010,2038,4602,1470,3227,3952,1912,2961,3784,4851,3721,2519,3442,2599
BSPHARM,SP Science in Pharmacy,4,2,MISSING,No usable source row found.,Manual official fee entry/import is required.,,,,4693,4427,4782,4386,3747,3642,4207,4572,1478,3722,4790,2841,3332,3676,3616,4358,2352,4680,1376,3674
BSPSYCH,SAS PSYCHOLOGY,1,1,MISSING,No usable source row found.,Manual official fee entry/import is required.,,,,1043,3369,3058,2666,1021,3748,1480,1868,4486,1282,2418,2062,4147,1646,2399,4463,2936,2128,3390,1070
BSPSYCH,SAS PSYCHOLOGY,1,2,MISSING,No usable source row found.,Manual official fee entry/import is required.,,,,1958,3134,3798,2890,4105,1830,3717,3054,2088,1914,4963,4288,2515,2013,2929,4719,4170,3221,2402,1916
BSPSYCH,SAS PSYCHOLOGY,2,1,MISSING,No usable source row found.,Manual official fee entry/import is required.,,,,3149,1957,1189,2604,2528,1464,1395,3411,3549,4409,4456,3713,3069,3914,2266,3894,4177,2426,3538,2314
BSPSYCH,SAS PSYCHOLOGY,2,2,MISSING,No usable source row found.,Manual official fee entry/import is required.,,,,4633,2932,1008,4560,1381,1391,2382,4017,4405,2734,2037,4525,2450,3602,4209,4359,3222,2983,2478,3689
BSPSYCH,SAS PSYCHOLOGY,3,1,MISSING,No usable source row found.,Manual official fee entry/import is required.,,,,3749,1165,1437,3849,2192,1245,2112,3762,2182,2074,4983,1078,1891,1954,3861,4367,2275,4704,3635,1127
BSPSYCH,SAS PSYCHOLOGY,3,2,MISSING,No usable source row found.,Manual official fee entry/import is required.,,,,1057,1834,4124,1732,2997,1412,2332,2012,3502,4949,2354,3250,2858,2114,4463,2137,4145,2199,3842,4836
BSPSYCH,SAS PSYCHOLOGY,4,1,MISSING,No usable source row found.,Manual official fee entry/import is required.,,,,4456,2751,2697,4903,4675,2550,1907,2276,2105,3918,2429,4618,4539,3256,2803,1050,3183,1026,4784,3778
BSPSYCH,SAS PSYCHOLOGY,4,2,MISSING,No usable source row found.,Manual official fee entry/import is required.,,,,2059,3753,1678,1074,2151,1167,2083,3213,4047,1015,2121,3181,2562,2470,3271,4682,1635,1912,1013,3795
BSPT,Physical Therapy,1,1,MISSING,No usable source row found.,Manual official fee entry/import is required.,,,,2509,2850,3855,2981,1480,4094,3538,4753,3575,1543,2349,1855,1457,2848,4344,2683,3019,4179,4927,4337
BSPT,Physical Therapy,1,2,MISSING,No usable source row found.,Manual official fee entry/import is required.,,,,2510,1432,1192,2102,3224,4438,4397,1335,2416,2629,2672,3734,1364,1953,4703,1468,2976,4966,4397,2131
BSPT,Physical Therapy,2,1,MISSING,No usable source row found.,Manual official fee entry/import is required.,,,,3921,1464,1590,4151,3219,1088,2593,1813,3988,3873,2054,1339,4975,2424,1384,2508,4432,2506,3645,1019
BSPT,Physical Therapy,2,2,MISSING,No usable source row found.,Manual official fee entry/import is required.,,,,4398,2188,4872,2494,3179,3368,4090,3361,1928,2799,4587,3605,1475,3629,1303,2175,2662,1216,3736,2633
BSPT,Physical Therapy,3,1,MISSING,No usable source row found.,Manual official fee entry/import is required.,,,,4881,3628,4142,4263,1053,1700,3858,1531,4177,3496,1284,3344,1560,1295,1295,1075,1932,2829,3197,4943
BSPT,Physical Therapy,3,2,MISSING,No usable source row found.,Manual official fee entry/import is required.,,,,4662,1699,4766,3872,4407,1349,4516,2694,1052,3561,2971,3646,4026,1499,2431,1047,1380,4080,3263,4848
BSPT,Physical Therapy,4,1,MISSING,No usable source row found.,Manual official fee entry/import is required.,,,,1443,3653,3810,4618,1550,2415,2314,2396,4384,3268,1982,4703,4488,3352,1168,4496,1469,2760,3680,4138
BSPT,Physical Therapy,4,2,MISSING,No usable source row found.,Manual official fee entry/import is required.,,,,1450,4796,3253,1692,1693,3657,4230,2842,1798,3345,3761,1786,3451,4511,3430,4086,2043,4514,3910,2132
DM,Dental Medicine,1,1,MISSING,No usable source row found.,Manual official fee entry/import is required.,,,,2660,3143,2083,3913,3223,1596,2242,2387,3661,2697,3690,4186,4732,1201,3962,4010,2228,1895,4768,4779
DM,Dental Medicine,1,2,MISSING,No usable source row found.,Manual official fee entry/import is required.,,,,3129,4517,4025,2632,4247,1472,4154,4938,3083,1519,1867,1775,2105,4581,1904,2381,2798,1927,2928,3035
DM,Dental Medicine,2,1,MISSING,No usable source row found.,Manual official fee entry/import is required.,,,,3169,2570,2897,4983,2574,1104,2313,2074,3232,3150,4023,2425,4340,1957,3208,2229,3247,3942,4712,3946
DM,Dental Medicine,2,2,MISSING,No usable source row found.,Manual official fee entry/import is required.,,,,1377,3146,1687,2775,2113,3612,3730,4767,4075,4144,4715,4024,1893,1231,3119,2946,1902,4691,3789,3838
DM,Dental Medicine,3,1,MISSING,No usable source row found.,Manual official fee entry/import is required.,,,,3798,1941,4571,1503,3956,1982,3374,2154,4128,3465,3545,2366,3107,3342,4743,1100,4672,1065,3382,4570
DM,Dental Medicine,3,2,MISSING,No usable source row found.,Manual official fee entry/import is required.,,,,2536,2039,2132,1743,3676,4485,4736,1025,3662,4838,2776,1492,2897,3493,2692,3978,4923,3284,4040,4106
DM,Dental Medicine,4,1,MISSING,No usable source row found.,Manual official fee entry/import is required.,,,,2041,2534,3096,3672,1865,3310,3640,3553,4214,3092,1707,4733,2096,2147,3948,1011,4882,2332,1501,4082
DM,Dental Medicine,4,2,MISSING,No usable source row found.,Manual official fee entry/import is required.,,,,2020,3740,1908,4598,1064,4356,2130,4417,4587,3570,1587,3749,2914,4186,4433,4358,1723,4857,1385,4079
HM,Hospitality Management,1,1,MISSING,No usable source row found.,Manual official fee entry/import is required.,,,,3583,4186,1746,1250,1392,2070,3061,4879,2625,2327,1896,1889,3003,1520,1212,1165,4605,3232,2447,2665
HM,Hospitality Management,1,2,MISSING,No usable source row found.,Manual official fee entry/import is required.,,,,4691,2619,1025,2643,2926,2266,1449,4294,3444,2907,2708,2011,3043,3748,3659,4821,4045,3476,1441,4238
HM,Hospitality Management,2,1,MISSING,No usable source row found.,Manual official fee entry/import is required.,,,,2575,2493,1904,4329,2154,1375,3227,1717,2680,3291,4640,1416,4992,1374,4068,3527,1360,3475,1499,1452
HM,Hospitality Management,2,2,MISSING,No usable source row found.,Manual official fee entry/import is required.,,,,4334,1985,1020,2379,1820,2346,3290,1313,4397,1346,2948,2095,3475,2622,1847,3055,3108,1163,4940,4115
HM,Hospitality Management,3,1,MISSING,No usable source row found.,Manual official fee entry/import is required.,,,,3194,3937,2517,2806,2033,1957,3611,1424,1163,2702,4521,2996,2567,4493,3154,1034,2400,2044,2357,3645
HM,Hospitality Management,3,2,MISSING,No usable source row found.,Manual official fee entry/import is required.,,,,1413,3384,2147,4979,2033,2736,4518,4308,1293,3126,1944,3781,2712,3289,4078,1318,2537,3590,1190,4180
HM,Hospitality Management,4,1,MISSING,No usable source row found.,Manual official fee entry/import is required.,,,,3710,4897,4461,2862,4996,3174,1469,3755,1587,3533,4092,1284,1798,3275,1703,4907,2440,2125,2335,4970
HM,Hospitality Management,4,2,MISSING,No usable source row found.,Manual official fee entry/import is required.,,,,1583,1379,4283,3020,3744,3361,3217,4150,2266,4916,2512,2417,4487,2338,2038,4477,4695,4813,4422,4557
NNAD,NA Nutrition and Diabetics,1,1,MISSING,No usable source row found.,Manual official fee entry/import is required.,,,,4118,1894,1486,1529,4315,2291,2842,4821,2174,4726,1531,2358,1303,2413,2734,1917,1227,2645,4256,3260
NNAD,NA Nutrition and Diabetics,1,2,MISSING,No usable source row found.,Manual official fee entry/import is required.,,,,4980,1124,4225,2994,3186,4910,2973,4680,1956,4620,2444,4119,3592,1750,4260,2166,3612,3531,4106,4133
NNAD,NA Nutrition and Diabetics,2,1,MISSING,No usable source row found.,Manual official fee entry/import is required.,,,,4876,2745,1510,3454,3214,2263,3601,1627,4155,2394,3853,3770,4357,3416,2579,2831,3132,1819,2254,4116
NNAD,NA Nutrition and Diabetics,2,2,MISSING,No usable source row found.,Manual official fee entry/import is required.,,,,1940,4404,1238,4644,4216,4067,4821,1810,2153,3332,2871,3023,2160,1061,1242,1787,3749,3063,2117,2863
NNAD,NA Nutrition and Diabetics,3,1,MISSING,No usable source row found.,Manual official fee entry/import is required.,,,,3649,1006,4378,4226,4928,3839,4873,2683,4530,3351,3483,3264,1190,1500,3371,4914,2074,4799,1941,3081
NNAD,NA Nutrition and Diabetics,3,2,MISSING,No usable source row found.,Manual official fee entry/import is required.,,,,4278,2947,3778,4861,4702,3605,1045,4687,2243,2371,4669,2028,2773,3668,2141,1949,1586,1961,2106,1754
NNAD,NA Nutrition and Diabetics,4,1,MISSING,No usable source row found.,Manual official fee entry/import is required.,,,,1222,4346,4710,1487,3750,3908,1295,2647,3813,2981,4205,2080,4171,1352,4072,2535,1720,4980,2460,1768
NNAD,NA Nutrition and Diabetics,4,2,MISSING,No usable source row found.,Manual official fee entry/import is required.,,,,4000,2320,3657,4368,3223,4910,2276,3658,1358,2662,1322,1260,3647,3444,2367,1813,1419,1116,1498,1913
R,Radtech,1,1,MISSING,No usable source row found.,Manual official fee entry/import is required.,,,,4112,2567,4999,2911,4138,2373,1147,3742,3939,1901,4472,1745,1089,1044,2482,4059,4818,4889,2119,2931
R,Radtech,1,2,MISSING,No usable source row found.,Manual official fee entry/import is required.,,,,3641,3931,1995,1069,1479,4527,3544,4936,3842,4531,3332,3717,3291,4587,3262,4154,3969,1494,1819,1779
R,Radtech,2,1,MISSING,No usable source row found.,Manual official fee entry/import is required.,,,,2261,4430,1459,3364,4543,3440,4269,1670,1954,3318,4407,4927,4443,3526,4614,1689,2889,4404,3455,1556
R,Radtech,2,2,MISSING,No usable source row found.,Manual official fee entry/import is required.,,,,3101,4709,4648,4428,3559,2432,1209,2477,3591,1000,1031,3527,2865,4127,3989,1164,2425,1938,3974,1636
R,Radtech,3,1,MISSING,No usable source row found.,Manual official fee entry/import is required.,,,,3599,3656,2524,3734,3830,2841,4355,1984,4169,1225,2828,2269,2011,3166,3359,3387,2978,4902,2503,3859
R,Radtech,3,2,MISSING,No usable source row found.,Manual official fee entry/import is required.,,,,3410,4179,3459,4980,4177,3938,1986,2095,4724,2671,4291,3276,2884,2406,1791,3845,1316,4598,1986,2272
R,Radtech,4,1,MISSING,No usable source row found.,Manual official fee entry/import is required.,,,,2284,2455,1897,1154,4077,2119,2966,4734,3388,2381,2453,2136,2435,1072,1687,2236,2318,3462,3386,4271
R,Radtech,4,2,MISSING,No usable source row found.,Manual official fee entry/import is required.,,,,4578,3429,1912,1682,3547,4701,3124,4133,3770,2757,1099,3317,2362,4947,3071,4424,2660,3288,3149,1927
RT,Respi Therapy,1,1,MISSING,No usable source row found.,Manual official fee entry/import is required.,,,,2276,3295,2446,4668,2972,3158,1770,1485,4873,4846,4988,1237,3814,2769,4769,4695,1447,3016,1389,1196
RT,Respi Therapy,1,2,MISSING,No usable source row found.,Manual official fee entry/import is required.,,,,3346,2504,3628,3860,4929,2731,4435,1524,2375,4138,4096,1674,1759,3128,4048,2907,1515,1961,3791,2938
RT,Respi Therapy,2,1,MISSING,No usable source row found.,Manual official fee entry/import is required.,,,,1704,1561,4148,1683,4247,3189,3452,4597,1940,4247,3781,4833,3155,2648,4944,3507,2426,2941,2449,3687
RT,Respi Therapy,2,2,MISSING,No usable source row found.,Manual official fee entry/import is required.,,,,3207,2021,4271,1998,3476,2331,2049,1825,1281,4016,4539,4614,2183,2919,4358,1614,3688,2534,2448,2985
RT,Respi Therapy,3,1,MISSING,No usable source row found.,Manual official fee entry/import is required.,,,,4774,2215,4238,3046,3614,4860,2504,3882,1046,3526,3639,2017,1012,3567,3167,2375,4753,1309,4854,2275
RT,Respi Therapy,3,2,MISSING,No usable source row found.,Manual official fee entry/import is required.,,,,3377,4981,4333,1636,2222,1932,3493,4208,2699,4914,2957,3812,2068,3995,1596,1947,3660,1625,1058,2019
RT,Respi Therapy,4,1,MISSING,No usable source row found.,Manual official fee entry/import is required.,,,,4557,1138,1368,3707,2599,2283,3598,4937,1976,1988,3262,4825,2826,4486,3962,3446,2353,1544,3897,2188
RT,Respi Therapy,4,2,MISSING,No usable source row found.,Manual official fee entry/import is required.,,,,4393,4254,4332,3971,4981,4429,2382,3552,1655,3887,2036,3066,2272,4623,4167,2500,3051,2863,4052,3106
SAIC,SAS Arts In Com,1,1,MISSING,No usable source row found.,Manual official fee entry/import is required.,,,,3546,4665,1546,1155,4181,4841,3382,2636,3046,3647,2912,1796,2373,2697,4210,3561,3176,3004,4866,2564
SAIC,SAS Arts In Com,1,2,MISSING,No usable source row found.,Manual official fee entry/import is required.,,,,3685,4271,3888,4713,1265,2098,4684,2951,2326,2336,2500,4974,2739,2617,3019,3253,1916,2666,1198,2302
SAIC,SAS Arts In Com,2,1,MISSING,No usable source row found.,Manual official fee entry/import is required.,,,,2251,1915,2696,2342,4728,2605,3880,3094,1956,2351,4193,3051,1629,4208,3570,1558,2731,1075,3032,4496
SAIC,SAS Arts In Com,2,2,MISSING,No usable source row found.,Manual official fee entry/import is required.,,,,2001,4039,3032,1832,1550,2026,4589,4537,2844,2243,2821,1785,3713,3736,2187,1090,3794,4049,4221,4552
SAIC,SAS Arts In Com,3,1,MISSING,No usable source row found.,Manual official fee entry/import is required.,,,,1621,3509,4693,4214,4193,3726,1397,2968,4508,1654,3850,3052,2485,1979,4902,2636,3703,4200,4195,2178
SAIC,SAS Arts In Com,3,2,MISSING,No usable source row found.,Manual official fee entry/import is required.,,,,1926,3558,3633,4254,3253,3359,3613,1919,1270,1034,1715,3921,2126,3868,1020,3950,4877,3614,1410,1501
SAIC,SAS Arts In Com,4,1,MISSING,No usable source row found.,Manual official fee entry/import is required.,,,,2936,2244,2673,4362,1822,2594,4872,3608,4514,3808,2472,3685,1329,4605,1914,2425,4780,2211,3027,1940
SAIC,SAS Arts In Com,4,2,MISSING,No usable source row found.,Manual official fee entry/import is required.,,,,2945,1329,4307,2805,4887,3304,2815,2135,4259,3646,1887,4002,4403,2997,4375,2628,4449,3672,1791,1327
